17.11 BENTHIC MACROINVERTEBRATE SPECIES LIST,,,,,,
Species list of benthic macroinvertebrates collected in New York State during biological,,,,,,
monitoring studies of surface waters. Included in the table are the; reference number (Ref) for the,,,,,,
taxonomic literature reference used in the identification of the taxon (See the taxonomic reference,,,,,,
"list Appendix 18.12), the functional feeding group the taxon belongs to (Fd), the taxons",,,,,,
Hilsenhoff’s Biotic Index tolerance value (HBI) and the nutrient tolerance values for calculating the,,,,,,
nutrient biotic indices for both phosphorus (NBI-P) and nitrogen (NBI-N).,,,,,,
Phylogenetic group/Genus species,Ref,Fd,HBI,NBI-P,NBI-N,
COELENTERATA ,,,,,,
HYDROZOA ,,,,,,
HYDROIDA ,,,,,,
Hydridae ,,,,,,
Hydra sp.,108,prd,5,,,
Undetermined Hydridae,108,prd,5,,,
NEMERTEA ,,,,,,
ENOPLA ,,,,,,
HOPLONEMERTEA ,,,,,,
Tetrastemmatidae ,,,,,,
Prostoma graecense,108,prd,8,2,7,
Undetermined Nemertea,108,prd,8,,,
PLATYHELMINTHES ,,,,,,
TURBELLARIA ,,,,,,
TRICLADIDA ,,,,,,
Planariidae ,,,,,,
Dugesia tigrina,62,prd,6,,,
Dugesia sp.,62,prd,6,,,
Undetermined Turbellaria,62,c-g,6,8,6,
NEMATODA ,,,,,,
Undetermined Nematoda,,c-g,5,,,
ANNELIDA ,,,,,,
POLYCHAETA ,,,,,,
SABELLIDA ,,,,,,
Sabellidae ,,,,,,
Manayunkia speciosa,83,c-g,6,,,
Manayunkia sp.,83,c-g,6,,,
Undetermined Sabellidae,83,c-g,6,,,
Undetermined Polychaeta,83,c-g,6,,,
ANNELIDA ,,,,,,
OLIGOCHAETA ,,,,,,
HAPLOTAXIDA ,,,,,,
Haplotaxidae ,,,,,,
Undetermined Haplotaxidae,18,prd,5,,,
LUMBRICIDA ,,,,,,
Undetermined Lumbricina,83,c-g,6,,,
LUMBRICULIDA ,,,,,,
Lumbriculidae ,,,,,,
Eclipidrilus sp.,18,c-g,5,,,
Lumbriculus sp.,18,c-g,5,,,
Stylodrilus heringianus,18,c-g,5,,,
Stylodrilus sp.,18,c-g,5,,,
Undetermined Lumbriculidae,18,c-g,5,5,6,
TUBIFICIDA ,,,,,,
Enchytraeidae ,,,,,,
Undetermined Enchytraeidae,"18,83",c-g,10,7,8,
Tubificidae ,,,,,,
Aulodrilus americanus,"18,83",c-g,7,,,
Aulodrilus limnobius,"18,83",c-g,7,,,
Aulodrilus piqueti,"18,83",c-g,7,,,
Aulodrilus pluriseta,"18,83",c-g,7,,,
Aulodrilus sp.,"18,83",c-g,7,,,
Bothrioneurum vejdovskyanum,18,c-g,7,,,
Bothrioneurum sp.,18,c-g,7,,,
Branchiura sowerbyi,"18,83",c-g,6,,,
Branchiura sp.,"18,83",c-g,6,,,
Ilyodrilus templetoni,"18,83",c-g,10,,,
Ilyodrilus sp.,"18,83",c-g,10,,,
Isochaetides freyi,"18,83",c-g,8,,,
Isochaetides sp.,"18,83",c-g,8,,,
Limnodrilus cervix,"18,83",c-g,10,,,
Limnodrilus claparedeianus,"18,83",c-g,10,,,
Limnodrilus hoffmeisteri,"18,83",c-g,10,,,
Limnodrilus profundicola,"18,83",c-g,10,,,
Limnodrilus udekemianus,"18,83",c-g,10,,,
Limnodrilus sp.,"18,83",c-g,10,,,
Peloscolex ferox,"18,83",c-g,6,,,
Peloscolex sp.,"18,83",c-g,6,,,
Potamothrix moldaviensis,"18,83",c-g,8,,,
Potamothrix vejdovskyi,18,c-g,8,,,
Potamothrix sp.,18,c-g,8,,,
Quistadrilus multisetosus,"18,83",c-g,10,,,
Quistadrilus sp.,"18,83",c-g,10,,,
Rhyacodrilus subterraneus,18,c-g,10,,,
Rhyacodrilus sp.,18,c-g,10,,,
Spirosperma ferox,78,c-g,10,,,
Spirosperma sp.,"18,83",c-g,6,,,
Tubifex tubifex,"18,83",c-g,10,,,
Tubifex sp.,"18,83",c-g,10,,,
Undet. Tubificidae with cap. Setae,"18,83",c-g,10,10,8,
Undet. Tubificidae w/o cap setae,"18,83",c-g,10,7,7,
Undetermined Tubificidae,83,c-g,9,,,
Naididae ,,,,,,
Amphichaeta americana,"18,83",c-g,6,,,
Amphichaeta sp.,"18,83",c-g,6,,,
Arcteonais lomondi,"18,83",c-g,6,,,
Arcteonais sp.,"18,83",c-g,6,,,
Chaetogaster diaphanus,"18,83",prd,7,,,
Chaetogaster diastrophus,"18,83",prd,7,,,
Chaetogaster limnaei,"18,83",prd,7,,,
Chaetogaster setosus,"18,83",prd,7,,,
Chaetogaster sp.,"18,83",prd,7,,,
Dero digitata,"18,83",c-g,10,,,
Dero flabelliger,"18,83",c-g,10,,,
Dero furcata,"18,83",c-g,10,,,
Dero nivea,"18,83",c-g,10,,,
Dero obtusa,"18,83",c-g,10,,,
Dero pectinata,"18,83",c-g,10,,,
Dero sp.,"18,83",c-g,10,,,
Haemonais waldvogeli,"18,83",c-g,8,,,
Haemonais sp.,"18,83",c-g,8,,,
Nais barbata,"18,83",c-g,8,,,
Nais behningi,"18,83",c-g,6,,,
Nais bretscheri,"18,83",c-g,6,,,
Nais communis,"18,83",c-g,8,,,
Nais elinguis,"18,83",c-g,10,,,
Nais pardalis,"18,83",c-g,8,,,
Nais simplex,"18,83",c-g,6,,,
Nais variabilis,"18,83",c-g,10,5,0,
Nais sp.,"18,83",c-g,8,,,
Ophidonais serpentina,"18,83",c-g,6,,,
Ophidonais sp.,"18,83",c-g,6,,,
Paranais frici,61,c-g,10,,,
Paranais sp.,61,c-g,10,,,
Piguetiella michiganensis,18,c-g,6,,,
Piguetiella sp.,18,c-g,6,,,
Pristina aequiseta,"18,83",c-g,8,,,
Pristina breviseta,"18,83",c-g,8,,,
Pristina leidyi,"18,83",c-g,8,,,
Pristina menoni,"18,83",c-g,8,,,
Pristina synclites,"18,83",c-g,8,,,
Pristina sp.,"18,83",c-g,8,,,
Pristinella jenkinae,"18,83",c-g,8,,,
Pristinella osborni,"18,83",c-g,8,,,
Pristinella sp.,"18,83",c-g,8,,,
Ripistes parasita,"18,83",c-f,8,,,
Ripistes sp.,"18,83",c-f,8,,,
Slavina appendiculata,"18,83",c-g,6,,,
Slavina sp.,"18,83",c-g,6,,,
Specaria josinae,"18,83",c-g,6,,,
Specaria sp.,"18,83",c-g,6,,,
Stylaria lacustris,"18,83",c-g,6,5,2,
Stylaria sp.,"18,83",c-g,6,,,
Vejdovskyella comata,"18,83",c-g,6,,,
Vejdovskyella intermedia,"18,83",c-g,6,,,
Vejdovskyella sp.,"18,83",c-g,6,,,
Undetermined Naididae,"18,83",c-g,8,,,
Undetermined Oligochaeta,"18,83",c-g,8,,,
ANNELIDA ,,,,,,
HIRUDINEA ,,,,,,
ARHYNCHOBDELLIDA ,,,,,,
Erpobdellidae ,,,,,,
Erpobdella sp.,"83, 63",prd,8,,,
Undetermined Erpobdellidae,"83, 63",prd,8,,,
RHYNCHOBDELLIDA ,,,,,,
Glossiphoniidae ,,,,,,
Batracobdella phalera,"83,63",prd,8,,,
Batracobdella sp.,"83,63",prd,8,,,
Helobdella elongata,"83,63",prd,8,,,
Helobdella stagnalis,"83,63",prd,8,,,
Helobdella triserialis,"83,63",prd,8,,,
Helobdella sp.,63,prd,8,,,
Placobdella montifera,"83,63",prd,8,,,
Placobdella sp.,"83,63",prd,8,,,
Undetermined Glossiphoniidae,"83, 63",prd,8,,,
Undetermined Hirudinea,"83,63",prd,8,9,10,
ANNELIDA ,,,,,,
APHANONEURA ,,,,,,
AEOLOSOMATIDA ,,,,,,
Aeolosomatidae ,,,,,,
Aeolosoma headleyi?,29,c-f,8,,,
Aeolosoma leidyi?,29,c-f,8,,,
Aeolosoma quarternarium?,29,c-f,8,,,
Aeolosoma tenebrarum?,29,c-f,8,,,
Aeolosoma travancorense?,29,c-f,8,,,
Aeolosoma sp.,29,c-f,8,,,
Undetermined Aeolosomatidae,29,c-f,8,,,
BRANCHIOBDELLA ,,,,,,
BRANCHIOBDELLIDA ,,,,,,
Branchiobdellidae ,,,,,,
Branchiobdella sp.,108,c-g,6,,,
Undetermined Branchiobdellidae,108,c-g,6,,,
MOLLUSCA ,,,,,,
GASTROPODA ,,,,,,
BASOMMATOPHORA ,,,,,,
Physidae ,,,,,,
Physella ancillaria,"83,60",c-g,8,,,
Physella gyrina,"83,60",c-g,8,,,
Physella heterostropha,"83,60",c-g,8,,,
Physella integra,"83,60",c-g,8,,,
Physella sp.,"83,60",c-g,8,8,7,
Undetermined Physidae,"83,60",c-g,8,,,
Lymnaeidae ,,,,,,
Fossaria sp.,"60,83",c-g,6,,,
Lymnaea stagnalis,"60,83",c-g,6,,,
Lymnaea sp.,"60,83",c-g,6,,,
Pseudosuccinea columella,"60,83",c-g,6,,,
Pseudosuccinea sp.,"60,83",c-g,6,,,
Radix auricularia,"60,83",c-g,6,,,
Radix sp.,"60,83",c-g,6,,,
Stagnicola catascopium,"60,83",c-g,6,,,
Stagnicola elodes,"60,83",c-g,6,,,
Stagnicola sp.,83,c-g,6,,,
Undetermined Lymnaeidae,"60,83",c-g,6,,,
Planorbidae ,,,,,,
Gyraulus circumstriatus,"60,83",scr,8,,,
Gyraulus deflectus,"60,83",scr,8,,,
Gyraulus parvus,"60,83",scr,8,,,
Gyraulus sp.,"60,83",scr,8,,,
Helisoma anceps,"60,83",scr,6,,,
Helisoma campanulata,60,scr,6,,,
Helisoma trivolvis,60,scr,6,,,
Helisoma sp.,60,scr,6,,,
Micromenetus dilatatus,60,scr,6,,,
Micromenetus sp.,60,scr,6,,,
Undetermined Planorbidae,"60,83",scr,6,,,
Ancylidae ,,,,,,
Ferrissia parallela,"60,83",scr,6,,,
Ferrissia rivularis,"60,83",scr,6,,,
Ferrissia walkeri,"60,83",scr,6,,,
Ferrissia sp.,"60,83",scr,6,9,5,
Laevapex fuscus,,scr,6,,,
Undetermined Ancylidae,"60,83",scr,6,,,
MESOGASTROPODA ,,,,,,
Viviparidae ,,,,,,
Campeloma decisum,"60,83",scr,6,,,
Campeloma sp.,"60,83",scr,6,,,
Cipangopaludina sp.,83,c-g,9,,,
Viviparus georgianus,"60,83",scr,6,,,
Viviparus sp.,"60,83",scr,6,,,
Undetermined Viviparidae,"60,83",scr,6,,,
Pleuroceridae ,,,,,,
Goniobasis livescens,"60,83",scr,6,10,10,
Goniobasis virginica,"60,83",scr,6,,,
Goniobasis sp.,"60,83",scr,6,,,
Pleurocera acuta,"60,83",scr,6,,,
Pleurocera sp.,"60,83",scr,6,,,
Undetermined Pleuroceridae,"60,83",scr,6,,,
Bithyniidae ,,,,,,
Bithynia tentaculata,"60,83",scr,8,,,
Bithynia sp.,"60,83",scr,8,,,
Undetermined Bithyniidae,"60,83",scr,8,,,
Hydrobiidae ,,,,,,
Amnicola decepta,"83,60",scr,5,,,
Amnicola grana,"60,83",scr,5,,,
Amnicola limosa,"60,83",scr,5,,,
Amnicola sp.,"60,83",scr,5,,,
Cincinnatia cincinnatiensis,"60,83",scr,5,,,
Cincinnatia sp.,"60,83",scr,5,,,
Pomatiopsis lapidaria,"51,22",scr,8,,,
Pomatiopsis sp.,"51,22",scr,8,,,
Probythinella lacustris,"60,83",scr,8,,,
Probythinella sp.,"60,83",scr,8,,,
Undetermined Hydrobiidae,"60,83",scr,8,6,7,
Valvatidae ,,,,,,
Valvata lewisi,"60,83",scr,8,,,
Valvata piscinalis,"60,83",scr,8,,,
Valvata sincera,"60,83",scr,8,,,
Valvata tricarinata,"60,83",scr,8,,,
Valvata sp.,"60,83",scr,8,,,
Undetermined Valvatidae,"60,83",scr,8,,,
Undetermined Gastropoda,"60,83",scr,7,,,
PELECYPODA ,,,,,,
UNIONIDA ,,,,,,
Unionidae ,,,,,,
Anodonta implicata,"116,83",c-f,6,,,
Anodonta sp.,"116,83",c-f,6,,,
Elliptio complanata,"116,83",c-f,8,,,
Elliptio sp.,"116,83",c-f,8,,,
Lampsilis radiata,"116,83",c-f,6,,,
Lampsilis sp.,"116,83",c-f,6,,,
Pyganodon cataracta,"116,83",c-f,6,,,
Pyganodon sp.,"116,83",c-f,6,,,
Undetermined Unionidae,"116,83",c-f,6,,,
VENEROIDEA ,,,,,,
Corbiculidae ,,,,,,
Corbicula fluminea,83,c-f,6,,,
Corbicula sp.,83,c-f,6,,,
Undetermined Corbiculidae,83,c-f,6,,,
Dreisseniidae ,,,,,,
Dreissena bugensis,82,c-f,8,,,
Dreissena polymorpha,82,c-f,8,,,
Dreissena sp.,82,c-f,8,,,
Undetermined Dreisseniidae,82,c-f,8,,,
Pisidiidae ,,,,,,
Musculium partumeium,"68,22",c-f,6,,,
Musculium transversum,"68,22",c-f,6,,,
Musculium sp.,83,c-f,6,,,
Pisidium amnicum,"68,22",c-f,6,,,
Pisidium casertanum,"68,22",c-f,6,,,
Pisidium compressum,"68,22",c-f,6,,,
Pisidium variabile,"68,22",c-f,6,,,
Pisidium sp.,83,c-f,6,8,10,
Sphaerium corneum,"68,22",c-f,6,,,
Sphaerium rhomboideum,"68,22",c-f,6,,,
Sphaerium striatinum,"68,22",c-f,6,,,
Sphaerium sp.,"68,22",c-f,6,9,4,
Undetermined Pisidiidae,83,c-f,6,10,8,
ARTHROPODA ,,,,,,
CRUSTACEA ,,,,,,
ISOPODA ,,,,,,
Anthuridae ,,,,,,
Cyathura polita,48,c-g,5,,,
Cyathura sp.,48,c-g,5,,,
Undetermined Anthuridae,48,c-g,5,,,
Idoteidae ,,,,,,
Chiridotea almyra,48,c-g,5,,,
Chiridotea sp.,48,c-g,5,,,
Edotea sp.,48,c-g,5,,,
Undetermined Idoteidae,48,c-g,5,,,
Asellidae ,,,,,,
Caecidotea communis,"108, 126",c-g,8,,,
Caecidotea intermedius,126,c-g,8,,,
Caecidotea racovitzai,"108, 126",c-g,8,6,2,
Caecidotea sp.,"108, 83",c-g,8,7,9,
Lirceus sp.,"126, 83",c-g,8,,,
Undetermined Asellidae,"108, 83",c-g,8,,,
Undetermined Isopoda,"108, 83",c-g,7,,,
AMPHIPODA ,,,,,,
Crangonyctidae ,,,,,,
Crangonyx sp.,108,c-g,6,,,
Undetermined Crangonyctidae,108,c-g,6,,,
Gammaridae ,,,,,,
Echinogammarus ischnus,"17,57",c-g,9,,,
Gammarus fasciatus,"17,57",c-g,6,,,
Gammarus pseudolimnaeus,"17,57",c-g,4,,,
Gammarus tigrinus,"17,57",c-g,6,,,
Gammarus sp.,"17,57",c-g,6,8,9,
Undetermined Gammaridae,"17,57",c-g,6,,,
Oedicerotidae ,,,,,,
Monoculodes edwardsi,17,c-g,5,,,
Monoculodes sp.,17,c-g,5,,,
Undetermined Oedicerotidae,17,c-g,5,,,
Talitridae ,,,,,,
Hyalella azteca,17,c-g,8,,,
Hyalella sp.,17,c-g,8,,,
Undetermined Talitridae,17,c-g,8,,,
CUMACEA ,,,,,,
Nannastacidae ,,,,,,
Almyracuma proximoculi,48,c-g,5,,,
Almyracuma sp.,48,c-g,5,,,
Undetermined Nannastacidae,48,c-g,5,,,
DECAPODA ,,,,,,
Cambaridae ,,,,,,
Cambarus bartonii,"83,108",c-g,6,,,
Cambarus sp.,"83,108",c-g,6,,,
Orconectes obscurus,"83,108",c-g,6,,,
Orconectes propinquus,"83,108",c-g,6,,,
Orconectes rusticus,"83,108",c-g,6,,,
Orconectes sp.,"83,108",c-g,6,,,
Undetermined Cambaridae,"83,108",c-g,6,6,5,
Penaeidae ,,,,,,
Undetermined Penaeidae,48,c-g,6,,,
OSTRACODA ,,,,,,
Undetermined Ostracoda,108,c-g,6,,,
Undetermined Crustacean,,c-g,6,,,
ARTHROPODA ,,,,,,
ARACHNOIDEA ,,,,,,
Arrenuridae ,,,,,,
Arrenurus sp.,108,prd,6,,,
Lebertiidae ,,,,,,
Lebertia sp.,108,prd,6,,,
Atractideidae ,,,,,,
Atractides sp.,108,prd,6,,,
Mideopsidae ,,,,,,
Mideopsis sp.,108,prd,6,,,
Tyrellidae ,,,,,,
Tyrellia sp.,108,prd,6,,,
Limnesidae ,,,,,,
Limnesia sp.,108,prd,6,,,
Limnocharidae ,,,,,,
Limnochares sp.,108,prd,6,,,
Sperchonidae ,,,,,,
Sperchon sp.,108,prd,6,,,
Unionicolidae ,,,,,,
Unionicola sp.,108,prd,6,,,
Undetermined Acariformes,108,prd,6,,,
ARTHROPODA ,,,,,,
DIPLOPODA ,,,,,,
POLYDESMIDA ,,,,,,
Undetermined Polydesmida,16,c-g,6,,,
INSECTA ,,,,,,
COLLEMBOLA ,,,,,,
Isotomidae ,,,,,,
Isotomurus sp.,83,c-g,5,,,
Undetermined Isotomidae,83,c-g,5,,,
EPHEMEROPTERA ,,,,,,
Ameletidae ,,,,,,
Ameletus ludens,"83,34",c-g,0,,,
Ameletus sp.,"83,34",c-g,0,,,
Undetermined Ameletidae,"83,34",c-g,0,,,
Siphlonuridae ,,,,,,
Siphlonurus sp.,83,c-g,4,,,
Undetermined Siphlonuridae,83,c-g,4,,,
Isonychiidae ,,,,,,
Isonychia bicolor,"83,64",c-f,2,5,2,
Isonychia obscura,"83,64",c-f,2,,,
Isonychia sp.,83,c-f,2,,,
Undetermined Isonychiidae,83,c-f,2,,,
Baetidae ,,,,,,
Acentrella ampla,"74,119",c-g,6,,,
Acentrella turbida,83,c-g,4,,,
Acentrella sp.,83,c-g,4,5,5,
Acerpenna macdunnoughi,"74,120",c-g,5,,,
Acerpenna pygmaea,"74,120",c-g,4,0,4,
Acerpenna sp.,"74,120",c-g,4,,,
Baetis brunneicolor,74,c-g,4,1,5,
Baetis flavistriga,74,c-g,4,7,7,
Baetis intercalaris,74,c-g,5,6,5,
Baetis pluto,74,c-g,6,,,
Baetis tricaudatus,74,c-g,6,8,9,
Baetis sp.,74,c-g,6,6,3,
Callibaetis sp.,83,c-g,7,,,
Centroptilum sp.,83,c-g,2,,,
Cloeon sp.,83,c-g,4,,,
Diphetor hageni,74,c-g,6,,,
Diphetor sp.,74,c-g,6,,,
Heterocloeon anoka,"83,34",scr,2,,,
Heterocloeon curiosum,"83,34",scr,2,,,
Heterocloeon sp.,83,scr,2,,,
Iswaeon anoka,"83, 34",scr,2,,,
Paracloeodes sp.,83,scr,9,,,
Plauditus cestus,67,c-g,4,,,
Plauditus dubius,67,c-g,4,,,
Plauditus sp.,67,c-g,4,2,6,
Procloeon rivulare,83,c-g,6,,,
Procloeon sp.,83,c-g,6,,,
Pseudocloeon propinquum,"74,120",c-g,6,,,
Pseudocloeon sp.,83,c-g,6,,,
Undetermined Baetidae,83,c-g,6,,,
Heptageniidae ,,,,,,
Cinygmula subaequalis,"83,34",scr,2,,,
Cinygmula sp.,"83,34",scr,2,,,
Epeorus vitreus,83,scr,0,,,
Epeorus (Iron) sp. ,83,scr,0,0,0,
Epeorus sp.,83,scr,0,,,
Heptagenia culacantha,"83,38",scr,2,,,
Heptagenia flavescens,"83,24",scr,4,,,
Heptagenia marginalis,"83,24",scr,4,,,
Heptagenia pulla gr.,"83,24",scr,4,,,
Heptagenia sp.,83,scr,4,0,0,
Leucrocuta sp.,"83,43",scr,1,1,3,
Maccaffertium exiguum,9,scr,5,,,
Maccaffertium ithaca,9,scr,3,,,
Maccaffertium luteum,9,scr,4,,,
Maccaffertium mediopunctatum,9,scr,3,3,3,
Maccaffertium meririvulanum,9,scr,2,,,
Maccaffertium mexicanum integrum,9,scr,4,,,
Maccaffertium modestum,9,scr,1,2,5,
Maccaffertium pudicum,9,scr,2,,,
Maccaffertium pulchellum,9,scr,3,,,
Maccaffertium terminatum,9,scr,4,2,3,
Maccaffertium vicarium,9,scr,2,6,7,
Maccaffertium sp.,9,scr,3,,,
Nixe (Nixe) sp.,"83,43",scr,2,1,5,
Rhithrogena sp.,83,c-g,0,0,1,
Stenacron carolina,,scr,7,,,
Stenacron interpunctatum,"83,9",scr,7,7,7,
Stenacron sp.,"83,9",scr,7,,,
Stenonema femoratum,9,scr,7,,,
Stenonema sp.,9,scr,7,5,5,
Undetermined Heptageniidae,83,scr,3,5,2,
Leptophlebiidae ,,,,,,
Choroterpes sp.,83,c-g,2,,,
Habrophlebia vibrans,"83,34",c-g,4,,,
Habrophlebia sp.,83,c-g,4,,,
Habrophlebiodes sp.,83,scr,6,,,
Leptophlebia sp.,83,c-g,4,,,
Paraleptophlebia adoptiva,24,c-g,1,,,
Paraleptophlebia debilis,24,c-g,1,,,
Paraleptophlebia guttata,24,c-g,1,,,
Paraleptophlebia moerens,24,c-g,1,,,
Paraleptophlebia mollis,24,c-g,1,2,1,
Paraleptophlebia volitans,24,c-g,1,,,
Paraleptophlebia sp.,83,c-g,1,2,3,
Undetermined Leptophlebiidae,83,c-g,4,,,
Metretopodidae ,,,,,,
Siphloplecton sp.,"4,2",c-g,2,,,
Undetermined Metretopodidae,"4,2",c-g,2,,,
Ephemerellidae ,,,,,,
Attenella attenuata,2,c-g,1,,,
Attenella margarita,2,c-g,1,,,
Attenella sp.,2,c-g,1,,,
Dannella simplex,3,c-g,2,,,
Dannella sp.,3,c-g,2,,,
Drunella cornuta,4,c-g,0,,,
Drunella cornutella,4,scr,0,4,4,
Drunella lata,4,scr,0,,,
Drunella tuberculata,4,scr,0,,,
Drunella walkeri,4,scr,0,,,
Drunella sp.,4,scr,0,,,
Ephemerella aurivillii,7,c-g,0,,,
Ephemerella dorothea,7,c-g,1,,,
Ephemerella excrucians?,7,c-g,1,,,
Ephemerella invaria,7,c-g,1,,,
Ephemerella needhami,7,c-g,1,,,
Ephemerella rotunda,7,c-g,1,,,
Ephemerella subvaria,7,c-g,1,4,1,
Ephemerella sp.,7,c-g,1,4,4,
Eurylophella funeralis,"6,46",c-g,0,,,
Eurylophella temporalis,"6,46",c-g,5,,,
Eurylophella verisimilis,"6,46",c-g,2,,,
Eurylophella sp.,6,c-g,2,,,
Serratella deficiens,5,c-g,2,5,2,
Serratella serrata,5,c-g,2,1,0,
Serratella serratoides,5,c-g,2,0,1,
Serratella sordida,5,c-g,2,,,
Serratella sp.,5,c-g,2,1,1,
Undetermined Ephemerellidae,83,c-g,2,3,6,
Leptohyphidae ,,,,,,
Tricorythodes sp.,83,c-g,4,4,9,
Undetermined Leptohyphidae,83,c-g,4,,,
Caenidae ,,,,,,
Brachycercus maculatus,"83,23",c-g,3,,,
Brachycercus sp.,"83,23",c-g,3,,,
Caenis amica,84,c-g,6,,,
Caenis anceps,84,c-g,6,,,
Caenis diminuta,84,c-g,6,,,
Caenis latipennis,84,c-g,6,,,
Caenis macafferti,84,c-g,6,,,
Caenis punctata,84,c-g,6,,,
Caenis sp.,83,c-g,6,3,3,
Sparbarus sp.,"83,23",c-g,6,,,
Undetermined Caenidae,83,c-g,6,,,
Baetiscidae ,,,,,,
Baetisca sp.,83,c-g,4,,,
Undetermined Baetiscidae,83,c-g,4,,,
Potamanthidae ,,,,,,
Anthopotamus verticus,"72,73",c-g,4,,,
Anthopotamus sp.,"83,73",c-g,4,4,5,
Undetermined Potamanthidae,"83,73",c-g,4,,,
Ephemeridae ,,,,,,
Ephemera guttulata,"83,72,24",c-g,2,,,
Ephemera simulans,"83,72,24",c-g,1,,,
Ephemera sp.,"83,72,24",c-g,2,,,
Hexagenia limbata,83,c-g,6,,,
Hexagenia sp.,83,c-g,6,,,
Litobrancha recurvata,72,c-g,2,,,
Litobrancha sp.,83,c-g,2,,,
Undetermined Ephemeridae,83,c-g,2,,,
Polymitarcyidae ,,,,,,
Ephoron leukon?,"83,24",c-g,2,1,1,
Ephoron sp.,"83,24",c-g,2,,,
Undetermined Polymitarcyidae,"83,24",c-g,2,,,
ODONATA ,,,,,,
Gomphidae ,,,,,,
Gomphus sp.,"83,122",prd,5,,,
Hagenius sp.,"83,122",prd,1,,,
Lanthus parvulus,,prd,5,,,
Lanthus vernalis,,prd,5,,,
Lanthus sp.,"83,122",prd,5,,,
Ophiogomphus carolus,"83,122",prd,3,,,
Ophiogomphus mainensis,"83,122",prd,6,,,
Ophiogomphus sp.,"83,122",prd,3,1,3,
Stylogomphus albystilus,"83,122",prd,1,,,
Stylogomphus sp.,"83,122",prd,1,,,
Stylurus sp.,"83,122",prd,4,,,
Undetermined Gomphidae,"83,122",prd,4,2,0,
Aeshnidae ,,,,,,
Anax longipes,"83,122",prd,5,,,
Anax sp.,"83,122",prd,5,,,
Basiaeschna sp.,"83,122",prd,6,,,
Boyeria vinosa,"83,122",prd,2,,,
Boyeria sp.,"83,122",prd,2,,,
Undetermined Aeshnidae,"83,122",prd,5,,,
Cordulegastridae ,,,,,,
Cordulegaster maculata,"83,122,",prd,3,,,
Cordulegaster sp.,"83,122",prd,3,,,
Undetermined Cordulegastridae,"83,122",prd,3,,,
Corduliidae ,,,,,,
Didymops sp.,"83,122",prd,2,,,
Epicordulia sp.,"83,122",prd,6,,,
Neurocordulia sp.,"83,122",prd,2,,,
Tetragoneuria sp.,"83,122",prd,9,,,
Undetermined Corduliidae,"83,122",prd,2,,,
Libellulidae ,,,,,,
Erythemis sp.,83,prd,2,,,
Sympetrum janeae,"83,122",prd,4,,,
Sympetrum vicinum,"83,122",prd,4,,,
Sympetrum sp.,"83,122",prd,4,,,
Undetermined Libellulidae,"83,122",prd,2,,,
Macromiidae ,,,,,,
Macromia sp.,"83,122",prd,2,,,
Undetermined Macromiidae,"83,122",prd,2,,,
Calopterygidae ,,,,,,
Calopteryx maculata,"83,122",prd,6,,,
Calopteryx sp.,"83,122",prd,6,,,
Hetaerina sp.,"83,122",prd,6,,,
Undetermined Calopterygidae,"83,122",prd,6,,,
Coenagrionidae ,,,,,,
Argia moesta,"83,122",prd,6,,,
Argia sp.,"83,122",prd,6,,,
Chromagrion sp.,"83,122",prd,8,,,
Enallagma sp.,"83,122",prd,8,,,
Ischnura sp.,"83,122",prd,9,,,
Undetermined Coenagrionidae,"83,122",prd,8,,,
Lestidae ,,,,,,
Lestes sp.,"83,122",prd,6,,,
Undetermined Lestidae,"83,122",prd,6,,,
HEMIPTERA ,,,,,,
Belostomatidae ,,,,,,
Belostoma sp.,83,prd,9,,,
Corixidae ,,,,,,
Hesperocorixa sp.,83,prd,5,,,
Undetermined Corixidae,83,prd,5,,,
Undetermined Hemiptera,83,prd,5,,,
PLECOPTERA ,,,,,,
Capniidae ,,,,,,
Allocapnia vivipara,"52,114",shr,3,,,
Allocapnia sp.,"52,114",shr,3,,,
Paracapnia sp.,114,shr,1,,,
Undetermined Capniidae,114,shr,3,,,
Leuctridae ,,,,,,
Leuctra ferruginea,53,shr,0,,,
Leuctra maria,53,shr,0,,,
Leuctra tenuis,53,shr,0,,,
Leuctra truncata,53,shr,0,,,
Leuctra sp.,"83,114",shr,0,,,
Zealeuctra sp.,"83,114",shr,0,,,
Undetermined Leuctridae,"83,114",shr,0,,,
Nemouridae ,,,,,,
Amphinemura delosa,54,shr,3,,,
Amphinemura nigritta,54,shr,3,,,
Amphinemura wui,54,shr,3,,,
Amphinemura sp.,"83,114",shr,3,,,
Nemoura sp.,"83,114",shr,1,,,
Ostrocerca sp.,"83,114",shr,2,,,
Prostoia sp.,83,shr,2,,,
Shipsa rotunda,114,shr,2,,,
Shipsa sp.,114,shr,2,,,
Soyedina sp.,83,c-g,2,,,
Undetermined Nemouridae,114,shr,2,,,
Taeniopterygidae ,,,,,,
Strophopteryx fasciata,114,shr,3,,,
Strophopteryx sp.,114,shr,3,,,
Taenionema atlanticum,114,shr,2,,,
Taenionema sp.,114,shr,2,,,
Taeniopteryx burksi,45,shr,2,,,
Taeniopteryx lonicera,45,shr,2,,,
Taeniopteryx nivalis,45,shr,2,,,
Taeniopteryx parvula,45,shr,2,,,
Taeniopteryx sp.,114,shr,2,,,
Undetermined Taeniopterygidae,114,shr,2,,,
Perlidae ,,,,,,
Acroneuria abnormis,"55,114",prd,0,0,0,
Acroneuria arenosa,"55,114",prd,0,,,
Acroneuria carolinensis,"55,114",prd,0,,,
Acroneuria lycorias,"55,114",prd,0,,,
Acroneuria sp.,"55,114",prd,0,0,0,
Agnetina annulipes,"112,114",prd,2,,,
Agnetina capitata,"112,114",prd,2,3,6,
Agnetina flavescens,"112,114",prd,2,,,
Agnetina sp.,"112,114",prd,2,,,
Claassenia sabulosa,,prd,3,,,
Claassenia sp.,,prd,3,,,
Eccoptura xanthenes,114,prd,3,,,
Eccoptura sp.,114,prd,3,,,
Neoperla sp.,"83,114",prd,3,5,5,
Paragnetina immarginata,"55,114",prd,1,1,2,
Paragnetina media,"55,114",prd,4,6,3,
Paragnetina sp.,"55,114",prd,2,1,6,
Perlesta placida,114,prd,4,,,
Perlesta sp.,114,prd,4,,,
Undetermined Perlidae,114,prd,3,5,7,
Peltoperlidae ,,,,,,
Tallaperla sp.,"83,114",shr,0,,,
Undetermined Peltoperlidae,"83,114",shr,0,,,
Chloroperlidae ,,,,,,
Alloperla sp.,"83,114",c-g,0,,,
Haploperla brevis,114,prd,1,,,
Haploperla sp.,114,prd,1,,,
Rasvena terna,114,c-g,0,,,
Rasvena sp.,114,c-g,0,,,
Suwallia marginata,"114,1",prd,0,,,
Sweltsa sp.,"83,114",prd,0,,,
Undetermined Chloroperlidae,"83,114",prd,0,,,
Perlodidae ,,,,,,
Cultus decisus,114,prd,2,,,
Cultus sp.,114,prd,2,,,
Diura sp.,113,prd,2,,,
Helopicus subvarians,"114,86",prd,2,,,
Helopicus sp.,"114,86",prd,2,,,
Isogenoides hansoni,"114,86",prd,0,,,
Isogenoides sp.,"114,86",prd,0,,,
Isoperla frisoni,55,prd,2,,,
Isoperla holochlora,55,prd,2,,,
Isoperla marlynia,55,prd,2,,,
Isoperla namata,55,prd,2,,,
Isoperla nana,55,prd,2,,,
Isoperla transmarina,55,prd,2,,,
Isoperla sp.,"114,113",prd,2,,,
Malirekus iroquois,"114,86",prd,2,,,
Malirekus sp.,83,prd,2,,,
Remenus sp.,"83, 86",prd,2,,,
Undetermined Perlodidae,"83,114",prd,2,,,
Pteronarcidae ,,,,,,
Pteronarcys biloba,30,shr,0,,,
Pteronarcys comstocki,30,shr,2,,,
Pteronarcys dorsata,30,shr,0,,,
Pteronarcys proteus,30,shr,0,,,
Pteronarcys sp.,"83,114",shr,0,,,
Undetermined Pteronarcidae,"83,114",shr,0,,,
Undetermined Plecoptera,83,,2,,,
COLEOPTERA ,,,,,,
Haliplidae ,,,,,,
Haliplus sp.,"83,123",shr,5,,,
Peltodytes sp.,"83,123",shr,5,,,
Undetermined Haliplidae,"83,123",shr,5,,,
Dytiscidae ,,,,,,
Agabetes sp.,"83,123",prd,5,,,
Agabus sp.,"83,123",prd,5,,,
Celina sp.,"83,123",prd,5,,,
Hydroporous sp.,"83,123",prd,5,,,
Neoporus sp.,"83,123",prd,5,,,
Laccophilus sp.,"83,123",prd,5,,,
Undetermined Dytiscidae,"83,123",prd,5,,,
Gyrinidae ,,,,,,
Dineutus sp.,"83,123",prd,4,,,
Gyrinus sp.,"83,123",prd,4,,,
Undetermined Gyrinidae,"83,123",prd,4,,,
Hydrophilidae ,,,,,,
Anacaena sp.,"83,123",c-g,5,,,
Berosus sp.,"83,123",c-g,5,,,
Crenitis sp.,"83,123",c-g,5,,,
Helochares sp.,"83,123",prd,5,,,
Helophorus sp.,"83,123",shr,5,,,
Hydrobius sp.,"83,123",prd,5,,,
Hydrochara sp.,"83,123",prd,5,,,
Hydrochus sp.,"83,123",shr,5,,,
Laccobius sp.,"83,123",prd,5,,,
Tropisternus sp.,"83,123",prd,5,,,
Undetermined Hydrophilidae,"83,123",prd,5,,,
Hydraenidae ,,,,,,
Hydraena sp.,"83,123",prd,5,,,
Undetermined Hydraenidae,"83,123",prd,5,,,
Noteridae ,,,,,,
Hydrocanthus sp.,83,prd,5,,,
Undetermined Noteridae,83,prd,5,,,
Psephenidae ,,,,,,
Ectopria nervosa,"83,19",scr,5,10,9,
Ectopria sp.,"83,19",scr,5,,,
Psephenus herricki,19,scr,4,10,9,
Psephenus sp.,"83,19",scr,4,3,4,
Undetermined Psephenidae,"83,19",scr,4,,,
Ptilodactylidae ,,,,,,
Anchytarsus bicolor,19,shr,3,,,
Undetermined Ptilodactylidae,19,shr,3,,,
Dryopidae ,,,,,,
Helichus sp.,"83,19",scr,5,,,
Undetermined Dryopidae,83,scr,5,,,
Scirtidae ,,,,,,
Undetermined Scirtidae,83,scr,5,,,
Elmidae ,,,,,,
Ancyronyx variegatus,19,c-g,5,,,
Ancyronyx sp.,19,c-g,5,,,
Dubiraphia bivittata,19,c-g,6,,,
Dubiraphia quadrinotata,19,c-g,5,,,
Dubiraphia vittata,19,c-g,6,,,
Dubiraphia sp.,"83,19",c-g,6,,,
Macronychus glabratus,19,c-g,5,,,
Macronychus sp.,19,c-g,5,,,
Microcylloepus pusillus,19,scr,3,,,
Microcylloepus sp.,19,scr,3,,,
Optioservus cryophilus,19,scr,4,,,
Optioservus fastiditus,19,scr,4,6,7,
Optioservus immunis,19,scr,4,,,
Optioservus ovalis,19,scr,4,9,4,
Optioservus nr. Sandersoni,19,scr,4,,,
Optioservus trivittatus,19,scr,4,7,6,
Optioservus sp.,"83,19",scr,4,7,8,
Oulimnius latiusculus,19,scr,4,,,
Oulimnius nitidulus,19,scr,4,,,
Oulimnius sp.,19,scr,4,,,
Promoresia elegans,19,scr,2,10,10,
Promoresia tardella,19,scr,2,,,
Promoresia sp.,"83,19",scr,2,,,
Stenelmis bicarinata,"19,104",scr,5,,,
Stenelmis cheryl,20,scr,5,,,
Stenelmis concinna,19,scr,5,5,0,
Stenelmis crenata,19,scr,5,7,7,
Stenelmis mera,19,scr,5,,,
Stenelmis musgravei,19,scr,5,,,
Stenelmis sandersoni,19,scr,5,,,
Stenelmis vittapennis,19,scr,5,,,
Stenelmis sp.,"83,19",scr,5,7,7,
Undetermined Elmidae,"83,19",scr,5,,,
Carabidae ,,,,,,
Undetermined Carabidae,83,prd,4,,,
Chrysomelidae ,,,,,,
Donacia sp.,83,shr,7,,,
Curculionidae ,,,,,,
Undetermined Curculionidae,83,shr,5,,,
Undetermined Coleoptera,"83,123",,5,,,
COLLEMBOLA ,,,,,,
Isotomidae ,,,,,,
Isotomurus sp.,83,c-g,5,,,
Undetermined Isotomidae,83,c-g,5,,,
Undetermined Collembola,83,c-g,5,,,
MEGALOPTERA ,,,,,,
Corydalidae ,,,,,,
Chauliodes sp.,"83,37",prd,4,,,
Corydalus cornutus,"83,37",prd,4,2,2,
Corydalus sp.,"83,37",prd,4,,,
Nigronia serricornis,"83,76",prd,4,10,8,
Undetermined Corydalidae,"83,76",prd,4,,,
Sialidae ,,,,,,
Sialis sp.,"83,37",prd,4,5,6,
Undetermined Sialidae,"83,37",prd,4,,,
NEUROPTERA ,,,,,,
Sisyridae ,,,,,,
Climacia areolaris,37,prd,5,,,
Climacia sp.,37,prd,5,,,
Undetermined Sisyridae,37,prd,5,,,
TRICHOPTERA ,,,,,,
Calamoceratidae ,,,,,,
Heteroplectron americanum,"83,125",shr,3,,,
Heteroplectron sp.,"83,125",shr,3,,,
Undetermined Calamoceratidae,"83,125",shr,3,,,
Philopotamidae ,,,,,,
Chimarra aterrima?,"125,98",c-f,4,2,3,
Chimarra obscura,"125,98",c-f,4,6,4,
Chimarra socia,"125,98",c-f,2,4,1,
Chimarra sp.,125,c-f,4,2,0,
Dolophilodes sp.,125,c-f,0,4,3,
Wormaldia sp.,125,c-f,2,,,
Undetermined Philopotamidae,125,c-f,4,,,
Psychomyiidae ,,,,,,
Lype diversa,125,scr,2,,,
Lype sp.,125,scr,2,,,
Psychomyia flavida,"125,41",c-g,2,1,0,
Psychomyia sp.,"125,41",c-g,2,,,
Undetermined Psychomyiidae,125,c-g,2,,,
Polycentropodidae ,,,,,,
Cernotina sp.,125,prd,6,,,
Cyrnellus fraternus,125,c-f,8,,,
Cyrnellus sp.,125,c-f,8,,,
Neureclipsis bimaculata,125,c-f,7,,,
Neureclipsis sp.,125,c-f,7,3,1,
Nyctiophylax celta,"125,98",prd,5,,,
Nyctiophylax moestus,"125,98",prd,5,,,
Nyctiophylax sp.,"125,98",prd,5,,,
Polycentropus remotus,"125,98",prd,6,,,
Polycentropus sp.,125,prd,6,4,2,
Undetermined Polycentropodidae,125,prd,6,,,
Dipseudopsidae ,,,,,,
Phylocentropus sp.,125,c-f,5,,,
Undetermined Dipseudopsidae,125,c-f,5,,,
Hydropsychidae ,,,,,,
Arctopsyche ladogensis,"125,83",c-f,1,,,
Arctopsyche sp.,"125,83",c-f,1,,,
Ceratopsyche alhedra,"105,98",c-f,3,,,
Ceratopsyche bronta,"103,105",c-f,6,7,6,
Ceratopsyche morosa,"103,105",c-f,6,5,1,
Ceratopsyche bronta/morosa,"103,105",c-f,6,,,
Ceratopsyche slossonae,103,c-f,4,6,10,
Ceratopsyche sparna,103,c-f,6,6,7,
Ceratopsyche ventura,,c-f,5,,,
Ceratopsyche sp.,103,c-f,5,6,6,
Cheumatopsyche sp.,"125,83",c-f,5,6,6,
Diplectrona sp.,"125,83",c-f,5,,,
Homoplectra sp.,125,c-f,4,,,
Hydropsyche betteni,105,c-f,7,7,9,
Hydropsyche bidens,"98, 105",c-f,3,,,
Hydropsyche nr. Depravata,105,c-f,6,,,
Hydropsyche dicantha,105,c-f,2,,,
Hydropsyche leonardi,105,c-f,0,,,
Hydropsyche orris,105,c-f,5,,,
Hydropsyche phalerata,105,c-f,1,,,
Hydropsyche recurvata,105,c-f,4,,,
Hydropsyche scalaris,105,c-f,2,3,3,
Hydropsyche separata,105,c-f,4,,,
Hydropsyche valanis,105,c-f,6,,,
Hydropsyche venularis,105,c-f,4,,,
Hydropsyche walkeri,103,c-f,4,,,
Hydropsyche sp.,125,c-f,4,5,4,
Macrostemum carolina,"125,98",c-f,3,7,2,
Macrostemum zebratum,"125,98",c-f,3,,,
Macrostemum sp.,125,c-f,3,4,2,
Parapsyche apicalis,,c-f,0,,,
Parapsyche sp.,125,c-f,0,,,
Potamyia sp.,125,c-f,5,,,
Undetermined Hydropsychidae,125,c-f,5,,,
Rhyacophilidae ,,,,,,
Rhyacophila acropedes,40,prd,1,,,
Rhyacophila acutiloba,40,prd,1,,,
Rhyacophila atrata,40,prd,0,,,
Rhyacophila brunnea,40,prd,1,,,
Rhyacophila carolina?,40,prd,1,,,
Rhyacophila carpenteri?,40,prd,1,,,
Rhyacophila formosa,121,prd,1,,,
Rhyacophila fuscula,40,prd,0,2,5,
Rhyacophila glaberrima,40,prd,1,,,
Rhyacophila mainensis,40,prd,1,,,
Rhyacophila manistee,40,prd,1,,,
Rhyacophila minor,40,prd,0,,,
Rhyacophila nigrita,40,prd,1,,,
Rhyacophila torva,40,prd,1,,,
Rhyacophila sp.,125,prd,1,0,1,
Undetermined Rhyacophilidae,125,prd,1,,,
Glossosomatidae ,,,,,,
Agapetus sp.,125,scr,0,,,
Culoptila sp.,125,scr,1,,,
Glossosoma sp.,125,scr,0,6,0,
Protoptila sp.,125,scr,1,,,
Undetermined Glossosomatidae,125,scr,1,,,
Hydroptilidae ,,,,,,
Agraylea sp.,125,c-g,8,,,
Alisotrichia sp.,125,scr,6,,,
Hydroptila ajax,98,scr,6,,,
Hydroptila nr. albicornis,98,scr,6,,,
Hydroptila nr. armata,98,scr,6,,,
Hydroptila consimilis,98,scr,6,9,10,
Hydroptila nr. hamata,98,scr,6,,,
Hydroptila spatulata,98,scr,6,9,8,
Hydroptila nr. waubesiana,98,scr,6,,,
Hydroptila sp.,125,scr,6,6,6,
Ithytrichia sp.,125,scr,4,,,
Leucotrichia pictipes,125,scr,6,,,
Leucotrichia sp.,125,scr,6,6,2,
Mayatrichia ayama,"125,98",scr,6,,,
Mayatrichia sp.,"125,98",scr,6,,,
Neotrichia sp.,125,scr,2,,,
Orthotrichia sp.,125,shr,6,,,
Oxyethira sp.,125,c-g,3,,,
Palaeagapetus celsus,125,shr,4,,,
Palaeagapetus sp.,125,shr,1,,,
Undetermined Hydroptilidae,125,scr,6,5,2,
Phryganeidae ,,,,,,
Oligostomis sp.,125,prd,2,,,
Phryganea sp.,125,shr,4,,,
Ptilostomis sp.,125,shr,5,,,
Undetermined Phryganeidae,125,shr,4,,,
Brachycentridae ,,,,,,
Adicrophleps hitchcocki,125,shr,2,,,
Adicrophleps sp.,125,shr,2,,,
Brachycentrus americanus,42,c-f,1,,,
Brachycentrus appalachia,42,c-f,0,3,4,
Brachycentrus incanus,42,c-f,0,,,
Brachycentrus lateralis,42,c-f,1,,,
Brachycentrus nigrosoma,42,c-f,1,,,
Brachycentrus numerosus,42,c-f,1,,,
Brachycentrus solomoni,42,c-f,1,,,
Brachycentrus sp.,42,c-f,1,,,
Micrasema sp.,"125,42",shr,2,1,0,
Undetermined Brachycentridae,"125,42",shr,2,,,
Goeridae ,,,,,,
Goera sp.,125,scr,3,,,
Undetermined Goeridae,125,scr,3,,,
Apataniidae ,,,,,,
Apatania sp.,125,scr,3,3,4,
Undetermined Apataniidae,125,scr,3,,,
Uenoidae ,,,,,,
Neophylax concinnus,39,scr,3,,,
Neophylax fuscus,39,scr,3,,,
Neophylax oligius,125,scr,3,,,
Neophylax sp.,125,scr,3,,,
Undetermined Uenoidae,39,scr,3,,,
Limnephilidae ,,,,,,
Hesperophylax designatus,125,shr,3,,,
Hesperophylax sp.,125,shr,3,,,
Hydatophylax sp.,125,shr,2,,,
Ironoquia sp.,125,shr,3,,,
Limnephilus sp.,125,shr,3,,,
Nemotaulius hostilis,125,scr,3,,,
Nemotaulius sp.,125,scr,3,,,
Platycentropus sp.,125,shr,4,,,
Pseudostenophylax sp.,125,shr,0,,,
Psychoglypha sp.,125,c-g,0,,,
Pycnopsyche sp.,125,shr,4,,,
Undetermined Limnephilidae,125,shr,4,3,4,
Lepidostomatidae ,,,,,,
Lepidostoma sp.,125,shr,1,2,0,
Undetermined Lepidostomatidae,125,shr,1,,,
Odontoceridae ,,,,,,
Psilotreta labida,125,scr,0,,,
Psilotreta sp.,125,scr,0,,,
Undetermined Odontoceridae,83,scr,0,,,
Molannidae ,,,,,,
Molanna sp.,125,scr,6,,,
Undetermined Molannidae,125,scr,6,,,
Helicopsychidae ,,,,,,
Helicopsyche borealis,"125,83",scr,3,1,2,
Helicopsyche sp.,"125,83",scr,3,,,
Undetermined Helicopsychidae,"125,83",scr,3,,,
Leptoceridae ,,,,,,
Ceraclea alces,85,c-g,3,,,
Ceraclea punctata,85,c-g,3,,,
Ceraclea sp.,125,c-g,3,,,
Leptocerus americanus,125,shr,4,,,
Leptocerus sp.,125,shr,4,,,
Mystacides alafimbriata,129,c-g,4,,,
Mystacides sepulchralis,129,c-g,4,,,
Mystacides sp.,129,c-g,4,,,
Nectopsyche sp.,"125,50",shr,3,,,
Oecetis avara,44,prd,5,,,
Oecetis cinerascens,44,prd,5,,,
Oecetis inconspicua,44,prd,5,,,
Oecetis sp.,125,prd,5,,,
Setodes sp.,125,c-g,2,,,
Triaenodes sp.,"125,47",shr,6,,,
Undetermined Leptoceridae,125,prd,4,,,
Sericostomatidae ,,,,,,
Agarodes sp.,126,shr,3,,,
Undetermined Trichoptera,"83, 125",,3,,,
LEPIDOPTERA ,,,,,,
Arctiidae ,,,,,,
Estigmene sp.,66,shr,5,,,
Undetermined Arctiidae,66,shr,5,,,
Nepticulidae ,,,,,,
Undetermined Nepticulidae,66,shr,5,,,
Pyralidae ,,,,,,
Acentria sp.,"83,66",shr,5,,,
Nymphula sp.,"83,66",shr,7,,,
Parapoynx sp.,"83,66",shr,5,,,
Petrophila sp.,"83,66",scr,5,5,3,
Undetermined Pyralidae,"83,66",scr,5,,,
Undetermined Lepidoptera,"83,66",shr,5,,,
DIPTERA ,,,,,,
Tanyderidae ,,,,,,
Protoplasa sp.,83,c-g,3,,,
Protoplasa fitchii,83,c-g,3,,,
Undetermined Tanyderidae,83,c-g,3,,,
Tipulidae ,,,,,,
Antocha sp.,"83,25",c-g,3,8,6,
Cryptolabis sp.,83,shr,4,,,
Dicranota sp.,"83,25",prd,3,5,10,
Helius sp.,"83,25",c-g,4,,,
Hexatoma sp.,"83,25",prd,2,0,1,
Hesperoconopa sp.,25,c-g,2,,,
Limnophila sp.,83,prd,3,,,
Limonia sp.,"83,25",shr,6,,,
Molophilus sp.,83,shr,4,,,
Ormosia sp.,83,c-g,4,,,
Pedicia sp.,83,prd,4,,,
Pilaria sp.,25,prd,7,,,
Pseudolimnophila sp.,"83,25",prd,2,,,
Tipula sp.,"83,25",shr,6,10,10,
Ulomorpha sp.,25,prd,4,,,
Undetermined Tipulidae,"83,25",shr,4,,,
Psychodidae ,,,,,,
Pericoma sp.,"83,117",c-g,4,,,
Psychoda sp.,"117,127",c-g,10,,,
Undetermined Psychodidae,"83,117",c-g,10,,,
Ptychopteridae ,,,,,,
Bittacomorpha sp.,83,c-g,9,,,
Ptychoptera sp.,83,c-g,9,,,
Undetermined Ptychopteridae,83,c-g,9,,,
Blephariceridae ,,,,,,
Undetermined Blephariceridae,"83,117",scr,0,,,
Dixidae ,,,,,,
Dixa sp.,"83,127",c-f,1,,,
Undetermined Dixidae,"83,127",c-f,1,,,
Chaoboridae ,,,,,,
Chaoborus sp.,83,prd,8,,,
Eucorethra sp.,83,prd,7,,,
Undetermined Chaoboridae,83,prd,8,,,
Culicidae ,,,,,,
Anopheles sp.,83,c-f,8,,,
Undetermined Culicidae,83,c-f,8,,,
Ceratopogonidae ,,,,,,
Atrichopogon sp.,83,prd,6,,,
Bezzia sp.,83,prd,6,,,
Culicoides? sp.,83,prd,10,,,
Dasyhelea sp.,83,prd,4,,,
Forcipomyia sp.,83,scr,6,,,
Probezzia sp.,83,prd,6,,,
Sphaeromais sp.,83,prd,6,,,
Undetermined Ceratopogonidae,83,prd,6,8,9,
Simuliidae ,,,,,,
Cnephia mutata,115,c-f,2,,,
Cnephia sp.,115,c-f,2,,,
Prosimulium arvum,130,c-f,2,,,
Prosimulium clandestinum,130,c-f,2,,,
Prosimulium fuscum,130,c-f,2,,,
Prosimulium magnum,"115,128",c-f,1,,,
Prosimulium rhizophorum,"115,128",c-f,2,,,
Prosimulium sp.,"115,128",c-f,2,,,
Simulium aureum,"115,128",c-f,7,,,
Simulium decorum,"115,128",c-f,7,,,
Simulium fibrinflatum,"115,128",c-f,6,,,
Simulium gouldingi,"115,128",c-f,3,,,
Simulium jenningsi,"115,128",c-f,4,6,2,
Simulium latipes,"115,128",c-f,4,,,
Simulium parnassum,"115,128",c-f,7,,,
Simulium pictipes,115,c-f,4,,,
Simulium rugglesi,"115,128",c-f,5,,,
Simulium tuberosum,"115,128",c-f,4,1,0,
Simulium venustum,"115,128",c-f,5,,,
Simulium vittatum,"115,128",c-f,7,7,10,
Simulium sp.,"115,128",c-f,5,7,6,
Stegopterna sp.,"115,128",c-f,1,,,
Undetermined Simuliidae,"115,128",c-f,5,,,
Tabanidae ,,,,,,
Chrysops sp.,"83,117",c-g,5,,,
Hybomitra sp.,83,prd,5,,,
Tabanus sp.,83,prd,5,,,
Undetermined Tabanidae,"83,117",prd,5,,,
Athericidae ,,,,,,
Atherix sp.,117,prd,4,8,5,
Undetermined Athericidae,117,prd,4,,,
Stratiomyidae ,,,,,,
Euparyphus sp.,"83,59",c-g,7,,,
Nemotelus sp.,"83,60",c-g,7,,,
Stratiomys sp.,83,c-g,7,,,
Undetermined Stratiomyidae,83,c-g,7,,,
Empididae ,,,,,,
Chelifera sp.,"83,117",prd,6,,,
Clinocera sp.,"83,117",prd,6,,,
Hemerodromia sp.,"83,117",prd,6,5,6,
Neoplasta sp.,83,prd,6,,,
Odontomyia sp.,83,c-g,7,,,
Oreogeton sp.,83,prd,6,,,
Wiedemannia sp.,"83,117",prd,6,,,
Undetermined Empididae,83,prd,6,,,
Dolichopodidae ,,,,,,
Undetermined Dolichopodidae,"83,117",prd,4,,,
Syrphidae ,,,,,,
Eristalis sp.,83,c-g,10,,,
Undetermined Syrphidae,83,c-g,10,,,
Ephydridae ,,,,,,
Dimecoenia spinosa,71,shr,6,,,
Ephydra sp.,117,shr,8,,,
Hydrellia sp.,127,shr,6,,,
Undetermined Ephydridae,117,shr,7,,,
Muscidae ,,,,,,
Undetermined Muscidae,"83,117",prd,6,,,
Anthomyiidae ,,,,,,
Undetermined Anthomyiidae,117,prd,6,,,
Scathophagidae ,,,,,,
Undetermined Scathophagidae,83,shr,6,,,
Nymphomyiidae ,,,,,,
Nymphomyia sp.,83,c-g,5,,,
Undetermined Nymphomyiidae,83,c-g,5,,,
Undetermined Diptera,6,,,,,
Chironomidae ,,,,,,
Ablabesmyia annulata,95,prd,8,,,
Ablabesmyia aspera,95,prd,8,,,
Ablabesmyia idei,95,prd,8,,,
Ablabesmyia illinoensis,36,prd,8,,,
Ablabesmyia janta,95,prd,8,,,
Ablabesmyia mallochi,95,prd,8,,,
Ablabesmyia monilis,95,prd,8,,,
Ablabesmyia peleensis,95,prd,8,,,
Ablabesmyia philosphagnos,95,prd,8,,,
Ablabesmyia rhamphe,36,prd,8,,,
Ablabesmyia simpsoni,95,prd,8,,,
Ablabesmyia sp.,95,prd,8,,,
Alotanypus aris,36,prd,9,,,
Alotanypus sp.,36,prd,9,,,
Apsectrotanypus johnsoni,"92,36",prd,7,,,
Brundiniella sp.,83,prd,6,,,
Clinotanypus pinguis,14,prd,8,,,
Clinotanypus sp.,14,prd,8,,,
Coelotanypus scapularis,"91,90",prd,4,,,
Coelotanypus sp.,"91,90",prd,4,,,
Conchapelopia aleta,94,prd,6,,,
Conchapelopia americana,94,prd,6,,,
Conchapelopia dusena,94,prd,6,,,
Conchapelopia goniodes,94,prd,6,,,
Conchapelopia rurika,94,prd,6,,,
Conchapelopia telema,94,prd,6,,,
Conchapelopia sp.,94,prd,6,,,
Djalmabatista sp.,94,,6,,,
Guttipelopia guttipennis,12,prd,5,,,
Guttipelopia sp.,12,prd,5,,,
Hayesomyia senata,"94,75",prd,6,,,
Hayesomyia sp.,"94,75",prd,6,,,
Helopelopia cornuticaudata,"94,124",prd,6,,,
Helopelopia sp.,"94,124",prd,6,,,
Hudsonimyia karelena,28,prd,2,,,
Hudsonimyia parrishi,28,prd,2,,,
Hudsonimyia sp.,28,prd,2,,,
Krenopelopia sp.,83,prd,4,,,
Labrundinia pilosella,97,prd,7,,,
Labrundinia nr. virescens,97,prd,7,,,
Labrundinia sp.,97,prd,7,,,
Larsia canadensis,"11,65",prd,6,,,
Larsia sp.,"11,65",prd,6,,,
Macropelopia decedens,92,prd,9,,,
Macropelopia sp.,92,prd,9,,,
Meropelopia americana,"94,36",prd,6,,,
Meropelopia flavifrons,"94,36",prd,6,,,
Meropelopia sp.,"94,36",prd,6,,,
Natarsia baltimorea,"92,36",prd,8,,,
Natarsia sp.,92,prd,8,,,
Nilotanypus fimbriatus,96,prd,8,,,
Nilotanypus sp.,96,prd,6,,,
Paramerina sp.,83,prd,6,,,
Pentaneura inconspicua,"90,36",prd,6,,,
Pentaneura sp.,83,prd,6,0,1,
Procladius bellus,93,prd,9,,,
Procladius (Holotanypus) sp.,36,prd,7,,,
Procladius sublettei,93,prd,9,,,
Procladius sp.,93,prd,9,,,
Psectrotanypus dyari,92,prd,10,,,
Psectrotanypus sp.,92,prd,10,,,
Rheopelopia acra gr.,"94,36",prd,4,,,
Rheopelopia sp.,94,prd,4,,,
Tanypus neopunctipennis,89,prd,10,,,
Tanypus punctipennis,89,prd,10,,,
Tanypus stellatus,89,prd,10,,,
Tanypus sp.,89,prd,10,,,
Telopelopia okoboji,94,prd,8,,,
Telopelopia sp.,94,prd,8,,,
Thienemannimyia gr. Spp.,94,prd,6,8,8,
Thienemannimyia norena,94,prd,6,,,
Thienemannimyia sp.,94,prd,6,,,
Trissopelopia ogemawi,91,prd,4,,,
Trissopelopia sp.,91,prd,4,,,
Zavrelimyia sinuosa,90,prd,8,,,
Zavrelimyia sp.,83,prd,8,,,
Undetermined Tanypodinae,83,prd,7,,,
Boreochlus persimilis,124,c-g,6,,,
Paraboreochlus sp.,124,c-g,1,,,
Diamesa sp.,124,c-g,5,10,10,
Pagastia orthogonia,"79,36",c-g,1,4,8,
Potthastia gaedii gr.,"124,36",c-g,2,9,10,
Potthastia longimana gr.,"105,36",c-g,2,,,
Potthastia sp.,36,c-g,2,,,
Pseudokiefferiella sp.,124,c-g,1,,,
Sympotthastia sp.,124,c-g,2,,,
Undetermined Diamesinae,124,c-g,2,,,
Monodiamesa sp.,36,c-g,7,,,
Odontomesa fulva,"83,36",c-g,5,,,
Odontomesa sp.,"83,36",c-g,5,,,
Prodiamesa olivacea,124,c-g,8,,,
Prodiamesa sp.,83,c-g,8,,,
Pseudodiamesa sp.,36,c-g,6,,,
Undetermined Prodiamesinae,83,c-g,8,,,
Acricotopus nitidellus,"124,36",c-g,10,,,
Acricotopus sp.,"124,36",c-g,10,,,
Brillia flavifrons,80,shr,5,,,
Brillia parva,80,shr,5,,,
Brillia sera,80,shr,5,,,
Brillia sp.,80,shr,5,,,
Camptocladius sp.,36,c-g,8,,,
Cardiocladius albiplumus,77,prd,5,,,
Cardiocladius obscurus,"106,83",prd,5,8,6,
Cardiocladius sp.,106,prd,5,,,
Chaetocladius vitellinus gr.,124,c-g,6,,,
Chaetocladius sp.,124,c-g,6,,,
Corynoneura nr. celeripes,106,c-g,4,,,
Corynoneura lobata,"106,36",c-g,4,,,
Corynoneura sp.,"124,83",c-g,4,,,
Cricotopus absurdus,"106,36",shr,5,,,
Cricotopus annulator gr.,107,shr,7,,,
Cricotopus bicinctus,"106,107",scr,7,7,6,
Cricotopus nr. cylindraceus,107,shr,7,,,
Cricotopus elegans,107,shr,7,,,
Cricotopus festivellus gr.,107,c-g,7,,,
Cricotopus fugax,107,shr,7,,,
Cricotopus intersectus gr. ,"106,107",shr,7,,,
Cricotopus nostocicola,124,shr,7,,,
Cricotopus nr. patens,36,shr,7,,,
Cricotopus sylvestris gr.,"106,107",scr,7,,,
Cricotopus tremulus gr.,"106,107",shr,7,8,9,
Cricotopus triannulatus,107,shr,7,,,
Cricotopus trifascia gr. ,"106,107",shr,6,9,9,
Cricotopus vierriensis,107,shr,7,6,5,
"Cricotopus sp. ""ozarks""",106,shr,7,,,
"Cricotopus sp. ""Santa Fe""",106,shr,7,,,
Cricotopus/Orthocladius Complex,"83, 36",c-g,6,,,
Cricotopus sp.,106,shr,7,,,
Diplocladius cultriger,"124,36",c-g,8,,,
Diplocladius sp.,"124,36",c-g,8,,,
Endotribelos nr. hesperium,49,shr,6,,,
Endotribelos sp.,49,c-g,6,,,
Epoicocladius sp.,"124,83",c-g,4,,,
Eukiefferiella brehmi gr.,13,c-g,4,,,
Eukiefferiella brevicalcar gr.,13,c-g,4,,,
Eukiefferiella claripennis gr. ,13,c-g,8,,,
Eukiefferiella coerulescens gr. ,13,c-g,4,,,
Eukiefferiella devonica gr.,13,c-g,4,9,9,
Eukiefferiella gracei gr.,13,c-g,4,,,
Eukiefferiella pseudomontana gr.,13,c-g,8,,,
Eukiefferiella similis gr.,13,c-g,6,,,
Eukiefferiella tirolensis,13,c-g,4,,,
Eukiefferiella sp.,83,c-g,5,,,
Georthocladius fimbriatus,36,c-g,5,,,
Gymnometriocnemus sp.,"124,83",c-g,4,,,
Heleniella sp.,,prd,6,,,
Heterotrissocladius marcidus gr. ,"106,36",c-g,4,,,
Heterotrissocladius sp.,"106,36",c-g,4,,,
Hydrobaenus pilipes,99,c-g,8,,,
Hydrobaenus sp.,99,c-g,8,,,
Krenosmittia sp.,"124,83",c-g,1,,,
Limnophyes sp.,"124,83",c-g,8,,,
Lopescladius sp.,"124,83",c-g,4,,,
Nanocladius (Plecopt.) branchicolus,"36,33",prd,3,,,
Nanocladius (Plecopteracoluthus) downesi,36,prd,3,,,
Nanocladius (Plecopteracoluthus) sp. 5,124,c-g,7,,,
Nanocladius (Plecopteracoluthus) sp. ,124,prd,3,,,
Nanocladius alternantherae?,100,c-g,7,,,
Nanocladius nr. balticus,100,c-g,7,,,
Nanocladius crassicornus,100,c-g,7,,,
Nanocladius distinctus,100,c-g,7,,,
Nanocladius minimus,100,c-g,7,,,
Nanocladius rectinervis,100,c-g,7,,,
Nanocladius spiniplenus,100,c-g,6,,,
Nanocladius sp.,100,c-g,7,,,
Orthocladius (Eudactylocladius) sp.,109,c-g,6,,,
Orthocladius (Euorthoclad.) luteipes,"109,110",c-g,6,,,
Orthocladius (Euorthoclad.) rivicola,"109,110",c-g,6,,,
Orthocladius (Euorthoclad.) rivulorum,"109,110",c-g,6,,,
Orthocladius (Euorthoclad.) sp.,"109,110",c-g,6,,,
Orthocladius annectens,109,c-g,6,,,
Orthocladius carlatus,109,c-g,6,,,
Orthocladius curtiseta,109,c-g,6,,,
Orthocladius nr. dentifer,109,c-g,6,3,7,
Orthocladius dorenus,36,c-g,7,,,
Orthocladius dubitatus,36,c-g,6,,,
Orthocladius obumbratus,109,c-g,6,,,
Orthocladius oliverei,109,c-g,6,,,
Orthocladius nr. robacki,109,c-g,6,,,
Orthocladius trigonolabis,109,c-g,6,,,
Orthocladius (Symposiocladius) lignicola,124,c-g,5,,,
Orthocladius vaillanti,36,c-g,6,,,
Orthocladius sp.,"124,83",c-g,6,,,
Parachaetocladius sp.,"124,83",c-g,2,,,
Paracricotopus sp.,"124,83",c-g,4,,,
Parakiefferiella coronata,"124,83",c-g,5,,,
Parakiefferiella nr. triquetra,36,c-g,4,,,
Parakiefferiella sp.,"124,83",c-g,4,,,
Paralimnophyes sp.,83,c-g,7,,,
Parametriocnemus lundbecki,106,c-g,5,8,10,
Parametriocnemus sp.,106,c-g,5,,,
Paraphaenocladius sp.,"124,83",c-g,4,,,
Paratrichocladius sp.,"124,83",shr,5,,,
Parorthocladius sp.,83,c-g,6,,,
Psectrocladius dilatatus gr.,124,c-g,8,,,
Psectrocladius flavus,124,c-g,8,,,
Psectrocladius (Monosectrocladius) sp. ,124,c-g,8,,,
Psectrocladius nigrus,124,c-g,8,,,
Psectrocladius (Ps.) cf. octomaculatus,124,c-g,6,,,
Psectrocladius psilopterus gr.,124,c-g,8,,,
Psectrocladius simulans,124,c-g,8,,,
Psectrocladius sordidellus gr.,124,c-g,8,,,
Psectrocladius vernalis,124,c-g,8,,,
Psectrocladius sp.,124,c-g,8,,,
Pseudorthocladius sp.,"124,83",c-g,0,,,
Psilometriocnemus triannulatus,"124,36",c-g,4,,,
Psilometriocnemus sp.,"124,36",c-g,4,,,
Rheocricotopus eminellobus,36,c-g,3,,,
Rheocricotopus robacki,106,c-g,5,4,4,
Rheocricotopus tuberculatus,26,c-g,6,,,
Rheocricotopus sp.,124,c-g,6,,,
Smittia sp.,83,c-g,6,,,
Stilocladius sp.,124,c-g,3,,,
Symbiocladius equitans,124,prd,2,,,
Symbiocladius sp.,124,prd,2,,,
Synorthocladius nr. semivirens,106,c-g,6,6,9,
Synorthocladius sp.,106,c-g,6,,,
Thienemanniella lobapodema,"106,36",c-g,6,,,
Thienemanniella xena,"106,36",c-g,6,,,
Thienemanniella sp.,"124,83",c-g,6,,,
Trissocladius sp.,"124,83",c-g,5,,,
Tvetenia bavarica gr.,13,c-g,4,9,10,
Tvetenia vitracies,"13,70",c-g,5,7,6,
Tvetenia sp.,13,c-g,5,,,
Unniella multivirga,27,c-g,4,,,
Unniella sp.,27,c-g,4,,,
Xylotopus par,"83,124",shr,5,,,
Xylotopus sp.,"83,124",shr,5,,,
Zalutschia zalutschicola,99,shr,4,,,
Zalutschia sp.,99,shr,4,,,
Orthocladiinae sp. C,36,c-g,5,,,
Undetermined Orthocladiinae,124,c-g,5,,,
Axarus festivus gr.,"88,124",c-g,6,,,
Axarus sp.,"88,124",c-g,6,,,
Chironomus decorus gr.,81,c-g,10,,,
Chironomus riparius gr.,81,c-g,10,,,
Chironomus sp.,81,c-g,10,,,
Cladopelma sp.,124,c-g,9,9,6,
Cryptochironomus fulvus gr. ,32,prd,8,5,6,
Cryptochironomus ponderosus,32,prd,8,,,
Cryptochironomus sp.,32,prd,8,,,
Cryptotendipes casuarius,118,c-g,6,,,
Cryptotendipes emorsus,118,c-g,6,,,
Cryptotendipes pseudotener,118,c-g,6,,,
Cryptotendipes sp.,124,c-g,6,,,
Demicryptochironomus cuneatus,124,c-g,8,,,
Demicryptochironomus sp.,124,c-g,8,,,
Dicrotendipes fumidus,35,c-g,8,,,
Dicrotendipes lucifer,35,c-g,8,,,
Dicrotendipes modestus,35,c-g,8,,,
Dicrotendipes neomodestus,35,c-g,8,10,4,
Dicrotendipes nervosus,35,c-g,8,,,
Dicrotendipes simpsoni,35,c-g,8,,,
Dicrotendipes thanatogratus,35,c-g,8,,,
Dicrotendipes sp.,35,c-g,8,,,
Einfeldia natchitocheae,"124,36",c-g,9,,,
Einfeldia sp.,124,c-g,9,,,
Endochironomus nigricans,"49,106",shr,10,,,
Endochironomus subtendens,"49,106",shr,10,,,
Endochironomus sp.,124,shr,10,,,
Glyptotendipes dreisbachi,10,shr,10,,,
Glyptotendipes lobiferus,106,shr,10,,,
Glyptotendipes sp.,124,shr,10,,,
Goeldichironomus sp.,124,c-g,8,,,
Harnischia curtilamellata,106,c-g,8,,,
Harnischia sp.,106,c-g,8,,,
Hyporhygma sp.,36,shr,7,,,
Kiefferulus sp.,36,c-g,10,,,
Lauterborniella agrayloides,124,c-g,8,,,
Lauterborniella sp.,124,c-g,8,,,
Microchironomus sp.,124,c-g,8,,,
Microtendipes pedellus gr.,124,c-f,6,7,7,
Microtendipes rydalensis gr. ,124,c-f,4,2,1,
Microtendipes sp.,124,c-f,5,,,
Nilothauma babiyi,106,c-g,6,,,
Nilothauma sp.,106,c-g,6,,,
Pagastiella sp.,83,c-g,7,,,
Parachironomus abortivus,106,prd,10,,,
Parachironomus carinatus,106,prd,10,,,
Parachironomus frequens,106,prd,10,,,
Parachironomus hirtalatus,106,prd,10,,,
Parachironomus potamogeton,106,prd,10,,,
Parachironomus sp.,106,prd,10,,,
Paracladopelma nais,58,c-g,7,,,
Paracladopelma nereis,58,c-g,7,,,
Paracladopelma sp.,58,c-g,7,,,
Paralauterborniella nigrohalteralis,8,c-g,8,,,
Paralauterborniella sp.,124,c-g,8,,,
Paratendipes albimanus,106,c-g,6,,,
Paratendipes subequalis,106,c-g,6,,,
Paratendipes sp.,106,c-g,6,,,
Phaenopsectra dyari,106,scr,7,4,5,
Phaenopsectra flavipes,106,scr,7,,,
Phaenopsectra obdiens gr. ,106,scr,7,,,
Phaenopsectra punctipes gr. ,106,scr,7,,,
Phaenopsectra sp.,124,scr,7,,,
Polypedilum aviceps,69,shr,4,5,7,
Polypedilum bergi,"111,69",shr,5,,,
Polypedilum braseniae,"69, 36",c-g,3,,,
Polypedilum digitifer,"69,111",shr,8,,,
Polypedilum fallax gr. ,69,shr,6,,,
Polypedilum flavum,69,shr,6,9,7,
Polypedilum griseopunctatum,111,shr,6,,,
Polypedilum halterale gr.,"69,36",shr,6,,,
Polypedilum illinoense,69,shr,7,10,7,
Polypedilum laetum,69,shr,6,7,6,
Polypedilum obtusum,69,shr,6,,,
Polypedilum ontario,69,shr,3,,,
Polypedilum scalaenum gr.,69,shr,6,10,6,
Polypedilum simulans gr. ,69,shr,6,,,
Polypedilum sordens,69,shr,6,,,
Polypedilum trigonum,36,shr,7,,,
Polypedilum tritum,69,shr,7,,,
Polypedilum tuberculum,69,shr,6,,,
Polypedilum (Tripodura) sp.,69,shr,6,,,
Polypedilum sp.,69,shr,6,,,
Pseudochironomus sp.,100,c-g,5,,,
Robackia claviger,100,c-g,4,,,
Robackia demeijerei,100,c-g,4,,,
Robackia sp.,100,c-g,4,,,
Saetheria tylus,"58,124",c-g,4,,,
Saetheria sp.,58,c-g,4,,,
Sergentia? sp.,49,c-g,5,,,
Stelechomyia perpulchra,"124,36",c-g,7,,,
Stelechomyia sp.,"124,36",c-g,7,,,
Stenochironomus hilaris,15,c-g,5,,,
Stenochironomus macateei,15,c-g,5,,,
Stenochironomus poecilopterus,15,c-g,5,,,
Stenochironomus sp.,15,c-g,5,4,3,
Stictochironomus sp.,124,c-g,9,,,
Tribelos atrum,49,c-g,7,,,
Tribelos fuscicorne,49,c-g,7,,,
Tribelos jucundum,49,c-g,7,,,
Tribelos sp.,49,c-g,7,,,
Tribelos/Endochironomus/Phaenopsectra Complex,49,c-g,8,,,
Xenochironomus xenolabis,124,prd,4,,,
Xenochironomus sp.,88,prd,4,,,
Undetermined Chironomini,124,c-g,6,,,
Cladotanytarsus daviesi,87,c-f,5,,,
Cladotanytarsus nr. dispersopilosus,87,c-f,5,,,
Cladotanytarsus nr. mancus,87,c-f,5,,,
Cladotanytarsus sp.,87,c-f,5,6,4,
Constempellina sp.,124,c-g,4,,,
Micropsectra aristata gr.,102,c-f,5,,,
Micropsectra deflecta,87,c-f,4,,,
Micropsectra dives gr.,78,c-f,4,6,9,
Micropsectra notescens gr.,101,c-f,7,,,
Micropsectra polita,78,c-f,7,0,7,
Micropsectra nr. sp. B,36,c-f,4,,,
Micropsectra/Tanytarsus Complex,"36,78,87",c-f,6,,,
Micropsectra sp.,83,c-f,7,3,1,
Neostempellina reissi,21,c-g,2,,,
Neostempellina sp.,21,c-g,2,,,
Paratanytarsus confusus,87,c-f,6,5,8,
Paratanytarsus dimorphis,87,c-f,6,,,
Paratanytarsus sp.,87,c-f,6,,,
Rheotanytarsus exiguus gr.,106,c-f,6,6,5,
Rheotanytarsus pellucidus,"106,36",c-f,4,3,2,
Rheotanytarsus sp.,106,c-f,6,,,
Stempellina nr. bausei,21,c-g,2,,,
Stempellina johannseni,21,c-g,2,,,
Stempellina nr. subglabripennis,21,c-g,2,,,
Stempellina sp.,21,c-g,2,,,
Stempellinella sp.,21,c-g,4,,,
Sublettea coffmani,124,c-f,4,3,5,
Sublettea sp.,124,c-f,4,,,
Tanytarsus brundini,87,c-f,6,,,
Tanytarsus curticornis gr.,,c-f,6,,,
Tanytarsus eminulus gr.,87,c-f,6,,,
Tanytarsus glabrescens gr.,87,c-f,6,5,6,
Tanytarsus guerlus gr. ,87,c-f,6,5,5,
Tanytarsus sp. O,36,c-f,6,,,
Tanytarsus sp.,87,c-f,6,,,
Zavrelia sp.,124,c-f,4,9,9,
Zavreliella marmorata,8,,,,,
Zavreliella sp.,36,,6,,,
Undetermined Tanytarsini,124,c-f,6,,,
Undetermined Chironominae,124,c-g,6,,,
Undetermined Chironomidae,83,,6,,,
